,Issue No,Issue Date,Gazette Number,Category,Department,URL,Deleted,Archived URL,Archived Date
0,101,2023-03-23,Part II-Section 2,Notifications or Orders of interest to a Section of the public issued by Secretariat Departments.,HOME DEPARTMENT--Constitution of a District and sessions Court at Mayiladuthurai District under the Tamil Nadu Civil Courts Act and Code of Criminal Procedure,http://www.stationeryprinting.tn.gov.in/extraordinary/2023/101_Ex_II_2.pdf,False,https://web.archive.org/web/20230401003143/http://www.stationeryprinting.tn.gov.in/extraordinary/2023/101_Ex_II_2.pdf,2023-04-01 00:31:43
1,85,2023-03-09,Part II-Section 1,Notifications or Orders of specific character or of particular interest to the public issued by Secretariat Departments,FINANCE DEPARTMENT - Market Borrowing Programme of State Government by Auction,http://www.stationeryprinting.tn.gov.in/extraordinary/2023/85_Ex_II_1_2023.pdf,False,https://web.archive.org/web/20230403130446/http://www.stationeryprinting.tn.gov.in/extraordinary/2023/85_Ex_II_1_2023.pdf,2023-04-03 13:04:46
2,84,2023-03-08,Part II—Section 2,Notifications or Orders of interest to a Section of the public issued by Secretariat Departments.,LABOUR WELFARE AND SKILL DEVELOPMENT DEPARTMENT-- Nomination of Official and Non-Official Members to the Tamil Nadu Unorganised Drivers and Automobile Workshop Workers Welfare Board……..,http://www.stationeryprinting.tn.gov.in/extraordinary/2023/84_Ex_II_2_2023.pdf,True,,
3,83,2023-03-08,Part III--Section 1(a),"General Statutory Rules, Notifications, Orders, Regulations, etc., issued by Secretariat Departments.","LABOUR WELFARE AND SKILL DEVELOPMENT DEPARTMENT--Tamil Nadu Civil Services (Appointment on Compassionate Grounds Rules, 2023.",http://www.stationeryprinting.tn.gov.in/extraordinary/2023/83_Ex_III_1a_2023.pdf,True,https://web.archive.org/web/20230312153229/http://www.stationeryprinting.tn.gov.in/extraordinary/2023/83_Ex_III_1a_2023.pdf,2023-03-12 15:32:29
4,82,2023-03-08,Part VI-Section 2,"Notifications or Orders of interest to a section of the public issued by Heads of Departments, etc.","TAMIL NADU STATE ELECTION COMMISSION, CHENNAI-600 106 - Elections – Urban Local Bodies - Indirect Elections – Casual Vacancy in the Office of the Member of Taxation Appeals Committee of Dhaliyur Town Panchayat of Coimbatore District.",http://www.stationeryprinting.tn.gov.in/extraordinary/2023/82_Ex_VI_2_2023.pdf,False,https://web.archive.org/web/20230401003143/http://www.stationeryprinting.tn.gov.in/extraordinary/2023/82_Ex_VI_2_2023.pdf,2023-04-01 00:31:43
5,80,2023-03-07,Part II-Section 2,Notifications or Orders of interest to a Section of the public issued by Secretariat Departments.,"RURAL DEVELOPMENT AND PANCHAYAT RAJ DEPARTMENT - Constitution of District Planning Committee in Chengalpattu, Ranipet, Tirupathur, Kallakurichi and Tenkasi Districts under the Tamil Nadu Panchayats Act, 1994",http://www.stationeryprinting.tn.gov.in/extraordinary/2023/80_Ex_II_2_2023.pdf,False,https://web.archive.org/web/20230401003143/http://www.stationeryprinting.tn.gov.in/extraordinary/2023/80_Ex_II_2_2023.pdf,2023-04-01 00:31:43
6,79,2023-03-03,Part III--Section 1(a),"General Statutory Rules, Notifications, Orders, Regulations, etc., issued by Secretariat Departments.","MUNICIPAL ADMINISTRATION AND WATER SUPPLY DEPARTMENT--Amendments to the Tamil Nadu Municipal Corporations Ward Committee (Powers and Functions) Rules, 1996.",http://www.stationeryprinting.tn.gov.in/extraordinary/2023/79_Ex_III_1a_2023.pdf,True,,
7,78,2023-03-03,Part V-Section 1,"Notifications by Government, Public (Elections) Department","PUBLIC (ELECTIONS) DEPARTMENT--Declaration of Result of Bye-Election to Tamil Nadu Legislative Assembly from 98. Erode (East) Assembly Constituency, 2023",http://www.stationeryprinting.tn.gov.in/extraordinary/2023/78_Ex_V_1_2023.pdf,False,https://web.archive.org/web/20230401003143/http://www.stationeryprinting.tn.gov.in/extraordinary/2023/78_Ex_V_1_2023.pdf,2023-04-01 00:31:43
8,77,2023-03-02,Part II--Section 1,Notifications or Orders of specific character or of particular interest to the public issued by Secretariat Departments.,FINANCE DEPARTMENT--Market Borrowing Programme of State Government by Auction,http://www.stationeryprinting.tn.gov.in/extraordinary/2023/77_Ex_II_1_2023.pdf,True,,
9,76,2023-03-02,Part III--Section 1(a),"General Statutory Rules, Notifications, Orders, Regulations, etc., issued by Secretariat Departments.","PUBLIC DEPARTMENT--Amendments to the Tamil Nadu Legislative Assembly Travelling Allowance Rules, 1955",http://www.stationeryprinting.tn.gov.in/extraordinary/2023/76_Ex_III_1a_2023.pdf,True,,
10,74,2023-02-28,Part VI-Section 1,"Notifications of interest to the General Public issued by Heads of Departments, Etc.","THE COMMISSIONER OF LAND ADMINISTRATION CHEPAUK, CHENNAI-600 005.--Acquisition of Lands.",http://www.stationeryprinting.tn.gov.in/extraordinary/2023/74_Ex_VI_1_2023.pdf,False,https://web.archive.org/web/20230401003143/http://www.stationeryprinting.tn.gov.in/extraordinary/2023/74_Ex_VI_1_2023.pdf,2023-04-01 00:31:43
11,73,2023-02-24,Part VI-Section 1,"Notifications of interest to the General Public issued by Heads of Departments, Etc.","THE COMMISSIONER OF LAND ADMINISTRATION CHEPAUK, CHENNAI-600 005.--Acquisition of Lands.",http://www.stationeryprinting.tn.gov.in/extraordinary/2023/73_Ex_VI_1_2023.pdf,False,https://web.archive.org/web/20230401003143/http://www.stationeryprinting.tn.gov.in/extraordinary/2023/73_Ex_VI_1_2023.pdf,2023-04-01 00:31:43
12,72,2023-02-23,Part II--Section 1,Notifications or Orders of specific character or of particular interest to the public issued by Secretariat Departments.,FINANCE DEPARTMENT--Market Borrowing Programme of State Government by Auction,http://www.stationeryprinting.tn.gov.in/extraordinary/2023/72_Ex_II_1_2023.pdf,True,,
13,71,2023-02-23,Part II—Section 2,Notifications or Orders of interest to a Section of the public issued by Secretariat Departments.,PUBLIC DEPARTMENT (Law and Order-A)--Law and Order - Payment of compensation amount to the victims of custodial death/torture/ rape by the police / prison officials and police firing……..,http://www.stationeryprinting.tn.gov.in/extraordinary/2023/71_Ex_II_2_2023.pdf,True,,
14,70,2023-02-22,Part IV--Section 2,Tamil Nadu Acts and Ordinances,ACT No. 3 of 2023,http://www.stationeryprinting.tn.gov.in/extraordinary/2023/70_Ex_IV_2_2023.pdf,True,,
15,69,2023-02-22,Part II--Section 1,Notifications or Orders of specific character or of particular interest to the public issued by Secretariat Departments.,FINANCE DEPARTMENT--Issue of State Government Securities,http://www.stationeryprinting.tn.gov.in/extraordinary/2023/69_Ex_II_1_2023.pdf,True,,
16,68,2023-02-21,Part VI-Section 1,"Notifications of interest to the General Public issued by Heads of Departments, Etc.","THE COMMISSIONER OF LAND ADMINISTRATION CHEPAUK, CHENNAI-600 005.--Acquisition of Lands.",http://www.stationeryprinting.tn.gov.in/extraordinary/2023/68_Ex_VI_1_2023.pdf,False,https://web.archive.org/web/20230401003222/http://www.stationeryprinting.tn.gov.in/extraordinary/2023/68_Ex_VI_1_2023.pdf,2023-04-01 00:32:22
17,67,2023-02-16,Part II--Section 1,Notifications or Orders of specific character or of particular interest to the public issued by Secretariat Departments.,FINANCE DEPARTMENT--Market Borrowing programme of State Government by Auction,http://www.stationeryprinting.tn.gov.in/extraordinary/2023/67_Ex_II_1_2023.pdf,True,,
18,66,2023-02-14,Part VI--Section 1,"Notifications of interest to the General Public issued by Heads of Departments, Etc.","THE COMMISSIONER OF LAND ADMINISTRATION, CHEPAUK, CHENNAI-600 005--Acquisition of Lands--Form-C--Notice under Section 3(1) of Tamil Nadu Acquisition of Land for Industrial Purposes Act, 1997",http://www.stationeryprinting.tn.gov.in/extraordinary/2023/66_Ex_VI_1.pdf,False,https://web.archive.org/web/20230401003223/http://www.stationeryprinting.tn.gov.in/extraordinary/2023/66_Ex_VI_1.pdf,2023-04-01 00:32:23
19,65,2023-02-13,Part VI--Section 1,"Notifications of interest to the General Public issued by Heads of Departments, Etc.","THE COMMISSIONER OF LAND ADMINISTRATION, CHEPAUK, CHENNAI-600 005--Acquisition of Lands",http://www.stationeryprinting.tn.gov.in/extraordinary/2023/65_Ex_VI_1_2023.pdf,True,,
20,64,2023-02-11,Part V--Section 2,"Notifications relating to list of contesting candidates from Collector and Returning Officer, other Heads of Departments, Election Tribunals etc.","ELECTION COMMISSION OF INDIA--Bye-Election to Tamil Nadu Legislative Assembly, 2023.",http://www.stationeryprinting.tn.gov.in/extraordinary/2023/64_Ex_V_2_2023.pdf,True,,
21,63,2023-02-10,Part V--Section 4,Notifications by the Election Commission of India,Election Commission’s direction specifying that the votes at the current Bye-election to Tamil Nadu Legislative Assembly from 98. Erode (East) Assembly Constituency shall be given and recorded by means of Electronic Voting Machines and VVPAT,http://www.stationeryprinting.tn.gov.in/extraordinary/2023/63_Ex_V_4_2023.pdf,True,,
22,62,2023-02-09,Part II--Section 1,Notifications or Orders of specific character or of particular interest to the public issued by Secretariat Departments,PUBLIC DEPARTMENT (Miscellaneous)--Declaration of monday the 27th February 2023 as a Public Holiday in connection with the bye-election to Tamil Nadu Legislative Assembly from 98. Erode (East) Assembly Constituency in Tamil Nadu.,http://www.stationeryprinting.tn.gov.in/extraordinary/2023/62_Ex_II_1_2023.pdf,True,,
23,61,2023-02-09,Part VI--Section 1,"Notifications of interest to the General Public issued by Heads of Departments, Etc.","THE COMMISSIONER OF LAND ADMINISTRATION, CHEPAUK, CHENNAI-600 005--FORM-C--Acquisition of Lands",http://www.stationeryprinting.tn.gov.in/extraordinary/2023/61_Ex_VI_1_2023.pdf,True,,
24,60,2023-02-09,Part II--Section 2,Notifications or Orders of interest to a Section of the public issued by Secretariat Departments.,"TRANSPORT DEPARTMENT--Notice under Sub-Section (1) of Section 4 of the Tamil Nadu Acquisition of Land for Industrial Purposes Act, 1997 (Tamil Nadu Act 10 of 1999).",http://www.stationeryprinting.tn.gov.in/extraordinary/2023/60_Ex_II_2_2023.pdf,True,,
25,59,2023-02-09,Part V--Section 4,Notifications by the Election Commission of India,NOTIFICATION BY THE ELECTION COMMISSION OF INDIA--Election Commission’s notification regarding Exit Poll at the Bye-Election to Tamil Nadu Legislative Assembly from 98.Erode (East) Assembly Constituency,http://www.stationeryprinting.tn.gov.in/extraordinary/2023/59_Ex_V_4_2023.pdf,True,,
26,58,2023-02-08,Part VI--Section 1,"Notifications of interest to the General Public issued by Heads of Departments, Etc.","THE COMMISSIONER OF LAND ADMINISTRATION, CHEPAUK, CHENNAI-600 005--Acquisition of Lands",http://www.stationeryprinting.tn.gov.in/extraordinary/2023/58_Ex_VI_1_2023.pdf,True,,
27,57,2023-02-08,Part VI--Section 1,"Notifications of interest to the General Public issued by Heads of Departments, Etc.","THE COMMISSIONER OF LAND ADMINISTRATION, CHEPAUK, CHENNAI-600 005--Acquisition of Lands--Form-C--Notice under Section 3(1) of Tamil Nadu Acqusition of land for Industrial Purposes Act, 1997",http://www.stationeryprinting.tn.gov.in/extraordinary/2023/57_Ex_VI_1.pdf,False,https://web.archive.org/web/20230401003222/http://www.stationeryprinting.tn.gov.in/extraordinary/2023/57_Ex_VI_1.pdf,2023-04-01 00:32:22
28,56,2023-02-08,Part V--Section 4,Notification by the Election Commission of India,NOTIFICATION BY THE ELECTION COMMISSION OF INDIA - Order of Election Commission of India Regarding Identification of Electors During the Bye-Election to Tamil Nadu Legislative Assembly From 98. Erode (East),http://www.stationeryprinting.tn.gov.in/extraordinary/2023/56_Ex_V_4_2023,True,,
29,55,2023-02-07,Part VI—Section 1,"Notifications of interest to the General Public issued by Heads of Departments, Etc.","THE COMMISSIONER OF LAND ADMINISTRATION, CHEPAUK, CHENNAI-600 005 - Acquisition of Lands",http://www.stationeryprinting.tn.gov.in/extraordinary/2023/55_Ex_VI_1_2023.pdf,True,,
30,54,2023-02-06,Par II--Section 2,Notifications or Orders of interest to a Section of the public issued by Secretariat Departments,COMMERCIAL TAXES AND REGISTRATION DEPARTMENT - Notification regarding the appointment of the Special Officer under the Tamil Nadu Societies Registration Act (Registration No. 16/1984).,http://www.stationeryprinting.tn.gov.in/extraordinary/2023/54_Ex_II_2_2023.pdf,False,https://web.archive.org/web/20230401003223/http://www.stationeryprinting.tn.gov.in/extraordinary/2023/54_Ex_II_2_2023.pdf,2023-04-01 00:32:23
31,53,2023-02-06,Part VI--Section 1,"Notifications of interest to the General Public issued by Heads of Departments, Etc.","THE COMMISSIONER OF LAND ADMINISTRATION, CHEPAUK, CHENNAI-600 005--Acquisition of Lands--Notice Under Section 3(1) of Tamil Nadu Acquisition of Land for Industrial Purposes Act,1997",http://www.stationeryprinting.tn.gov.in/extraordinary/2023/53_Ex_VI_1.pdf,False,https://web.archive.org/web/20230401003223/http://www.stationeryprinting.tn.gov.in/extraordinary/2023/53_Ex_VI_1.pdf,2023-04-01 00:32:23
32,52,2023-02-06,Part II--Section 1,Notifications or Orders of specific character or of particular interest to the public issued by Secretariat Departments.,"PUBLIC DEPARTMENT - (Military) - Notification under the Manoeuvres, Field Firing and Artillery Practice Act.",http://www.stationeryprinting.tn.gov.in/extraordinary/2023/52_Ex_II_1_2023.pdf,False,https://web.archive.org/web/20230401003224/http://www.stationeryprinting.tn.gov.in/extraordinary/2023/52_Ex_II_1_2023.pdf,2023-04-01 00:32:24
33,51,2023-02-03,Part VI--Section 1,"Notifications of interest to the General Public issued by Heads of Departments, Etc.","THE COMMISSIONER OF LAND ADMINISTRATION, CHEPAUK, CHENNAI-600 005--Acquisition of Lands",http://www.stationeryprinting.tn.gov.in/extraordinary/2023/51_Ex_VI_1_2023.pdf,True,,
34,50,2023-02-03,Part VI--Section 1,"Notifications of interest to the General Public issued by Heads of Departments, Etc.","THE COMMISSIONER OF LAND ADMINISTRATION, CHEPAUK, CHENNAI-600 005--Acquisition of Lands",http://www.stationeryprinting.tn.gov.in/extraordinary/2023/50_Ex_VI_1_2023.pdf,True,,
35,49,2023-02-03,Part V--Section 4,Notification by the Election Commission of India,NOTIFICATION BY THE ELECTION COMMISSION OF INDIA -Amendment to the List of Returning officer for the Assembly Constituency in The State of Tamil Nadu,http://www.stationeryprinting.tn.gov.in/extraordinary/2023/49_Ex_V_4_2023.pdf,False,https://web.archive.org/web/20230401003302/http://www.stationeryprinting.tn.gov.in/extraordinary/2023/49_Ex_V_4_2023.pdf,2023-04-01 00:33:02
36,48,2023-02-02,Part VI--Section 1,"Notifications of interest to the General Public issued by Heads of Departments, Etc","CONSTITUTION OF A SUB COURT AT MUSIRI IN TIRUCHIRAPPALLI DISTRICT OF THE TAMIL NADU CIVIL COURTS ACT, 1873.",http://www.stationeryprinting.tn.gov.in/extraordinary/2023/48_Ex_VI_1_2023.pdf,False,https://web.archive.org/web/20230401003302/http://www.stationeryprinting.tn.gov.in/extraordinary/2023/48_Ex_VI_1_2023.pdf,2023-04-01 00:33:02
37,47,2023-02-02,Part II--Section 1,Notifications or Orders of specific character or of particular interest to the public issued by Secretariat Departments.,FINANCE DEPARTMENT - Market Borrowing programme of State Government by Auction,http://www.stationeryprinting.tn.gov.in/extraordinary/2023/47_Ex_II_1_2023.pdf,False,https://web.archive.org/web/20230401003312/http://www.stationeryprinting.tn.gov.in/extraordinary/2023/47_Ex_II_1_2023.pdf,2023-04-01 00:33:12
38,46,2023-01-31,Part II—Section 2,Notifications or Orders of interest to a Section of the public issued by Secretariat Departments,HOME DEPARTMENT - (Courts- III) - Constitution of a Subordinate Judge’s Court at Musiri in Tiruchirappalli District under the Tamil Nadu Civil Courts Act.,http://www.stationeryprinting.tn.gov.in/extraordinary/2023/46_Ex_II_2_2023.pdf,False,https://web.archive.org/web/20230401003316/http://www.stationeryprinting.tn.gov.in/extraordinary/2023/46_Ex_II_2_2023.pdf,2023-04-01 00:33:16
39,45,2023-01-31,Part II--Section 2,Notifications or Orders of interest to a Section of the public issued by Secretariat Departments.,LAW DEPARTMENT-- List of Notaries by Government of Tamil Nadu and in Practice at the beginning of the year 2023.,http://www.stationeryprinting.tn.gov.in/extraordinary/2023/45_Ex_II_2_2023.pdf,True,,
40,44,2023-01-31,Part II--Section 2,Notifications or Orders of interest to a Section of the public issued by Secretariat Departments.,"BACKWARD CLASSES, MOST BACKWARD CLASSES AND MINORITIES WELFARE DEPARTMENT - Appointment of Election Authority and Returning Officer of the Tamil Nadu Waqf Board (Conduct of Election For Members) Rules, 1997 under the Waqf Act.",http://www.stationeryprinting.tn.gov.in/extraordinary/2023/44_Ex_II_2_2023.pdf,False,https://web.archive.org/web/20230401003303/http://www.stationeryprinting.tn.gov.in/extraordinary/2023/44_Ex_II_2_2023.pdf,2023-04-01 00:33:03
41,43,2023-01-31,Par II--Section 2,Notifications or Orders of interest to a Section of the public issued by Secretariat Departments,HOME DEPARTMENT--[Election – Bye Elections To TNLA From 98.Erode (East) Assembly Constituency To Be Held On 27.02.2023 Election Related Duties – Exercise Of Supervisory / Disciplinary Control – Designating Police Officers -Notification Published.,http://www.stationeryprinting.tn.gov.in/extraordinary/2023/43_Ex_II_2_2023.pdf,False,https://web.archive.org/web/20230403130449/http://www.stationeryprinting.tn.gov.in/extraordinary/2023/43_Ex_II_2_2023.pdf,2023-04-03 13:04:49
42,42,2023-01-31,Part V—Section 4,Notification by the Election Commission of India,Appointment of dates for various stages of Bye-Election to Tamil Nadu Legislative Assembly from 98. Erode (East) Assembly Constituency and fixation of hours of poll to fill a vacancy caused by the death of a member,http://www.stationeryprinting.tn.gov.in/extraordinary/2023/42_Ex_V_4_2023.pdf,False,https://web.archive.org/web/20230401003303/http://www.stationeryprinting.tn.gov.in/extraordinary/2023/42_Ex_V_4_2023.pdf,2023-04-01 00:33:03
43,41,2023-01-30,Part II—Section 2,Notifications or Orders of interest to a Section of the public issued by Secretariat Departments,PUBLIC DEPARTMENT - (Law Officers) - Census 2021 - Extension of Date of Freezing of Boundaries of Administrative Units and Ban on Formation of New Units upto 30th June 2023 During Period of Census Operations - Orders - Issued.,http://www.stationeryprinting.tn.gov.in/extraordinary/2023/41_Ex_II_2_2023.pdf,True,,
44,40,2023-01-30,Part II--Section 2,Notifications or Orders of interest to a Section of the public issued by Secretariat Departments,SOCIAL WELFARE AND WOMEN EMPOWERMENT DEPARTMENT - Reconstitution of Juvenile Justice Board Constituted In Thoothukudi and Tirunelveli Districts by Appointing Pricipal Magistrate and two Members in the State of Tamil Nadu,http://www.stationeryprinting.tn.gov.in/extraordinary/2023/40_Ex_II_2_2023.pdf,False,https://web.archive.org/web/20230401003304/http://www.stationeryprinting.tn.gov.in/extraordinary/2023/40_Ex_II_2_2023.pdf,2023-04-01 00:33:04
45,39,2023-01-27,Part II—Section 1,Notifications or Orders of specific character or of particular interest to the public issued by Secretariat Departments,AGRICULTURE AND FARMERS WELFARE DEPARTMENT - Implementation of Price Support Scheme (PSS) for Procurement of Black Gram in Tamil Nadu,http://www.stationeryprinting.tn.gov.in/extraordinary/2023/39_Ex_II_1_2023.pdf,True,,
46,38,2023-01-27,Part II—Section 1,Notifications or Orders of specific character or of particular interest to the public issued by Secretariat Departments,AGRICULTURE AND FARMERS WELFARE DEPARTMENT - Implementation of Price Support Scheme (PSS) for Procurement of Green Gram in Tamil Nadu,http://www.stationeryprinting.tn.gov.in/extraordinary/2023/38_Ex_II_1_2023.pdf,True,,
47,37,2023-01-25,Part II--Section 1,Notifications or Orders of specific character or of particular interest to the public issued by Secretariat Departments,FINANCE DEPARTMENT - Market Borrowing Programme of State Government by Auction,http://www.stationeryprinting.tn.gov.in/extraordinary/2023/37_Ex_II_1_2023.pdf,False,https://web.archive.org/web/20230401003410/http://www.stationeryprinting.tn.gov.in/extraordinary/2023/37_Ex_II_1_2023.pdf,2023-04-01 00:34:10
48,36,2023-01-25,Part II--Section 1,Notifications or Orders of specific character or of particular interest to the public issued by Secretariat Departments,"SOCIAL WELFARE AND WOMEN EMPOWERMENT DEPARTMENT - Notification of Mandatory use of Aadhaar Number for Beneficiaries under Chief Minister's Girl Child Protection Scheme, under Section 7 of the Aadhaar",http://www.stationeryprinting.tn.gov.in/extraordinary/2023/36_Ex_II_1_2023.pdf,False,https://web.archive.org/web/20230401003411/http://www.stationeryprinting.tn.gov.in/extraordinary/2023/36_Ex_II_1_2023.pdf,2023-04-01 00:34:11
49,35,2023-01-25,Part VI--Section 1,"Notifications of interest to the General Public issued by Heads of Departments, Etc","THE COMMISSIONER OF LAND ADMINISTRATION CHEPAUK, CHENNAI-600 005 - Acquisition of Lands",http://www.stationeryprinting.tn.gov.in/extraordinary/2023/35_Ex_VI_1_2023.pdf,False,https://web.archive.org/web/20230401003411/http://www.stationeryprinting.tn.gov.in/extraordinary/2023/35_Ex_VI_1_2023.pdf,2023-04-01 00:34:11
50,34,2023-01-24,Part II--Section 2,Notifications or Orders of interest to a Section of the public issued by Secretariat Departments.,LABOUR WELFARE AND SKILL DEVELOPMENT DEPARTMENT - Nomination of Chairman and Members to the Tamil Nadu Fire and Match Worker's Welfare Board,http://www.stationeryprinting.tn.gov.in/extraordinary/2023/34_Ex_II_2_2023,True,,
51,33,2023-01-24,Part II--Section 2,Notifications or Orders of interest to a Section of the public issued by Secretariat Departments.,"HIGHER EDUCATION DEPARTMENT - Appointment as Vice-Chancellor of the Tamil Nadu Open University, Chennai for A certain Period under the Tamil Nadu Open University Act, 2002.",http://www.stationeryprinting.tn.gov.in/extraordinary/2023/33_Ex_II_2_2023,True,,
52,32,2023-01-24,Part II--Section 2,Notifications or Orders of interest to a Section of the public issued by Secretariat Departments.,"HIGHER EDUCATION DEPARTMENT - Appointment As The Vice-Chancellor of the Mother Teresa Women’s University, Kodaikanal for certain Period under the Mother Teresa Women’s University Act, 1984",http://www.stationeryprinting.tn.gov.in/extraordinary/2023/32_Ex_II_2_2023,True,,
53,31,2023-01-24,Part III--Section 1a,"General Statutory Rules, Notifications, Orders, Regulations, etc., issued by Secretariat Departments","FINANCE DEPARTMENT - (Salaries) - Amendment to the Tamil Nadu Transparency in Tenders Rules, 2000.",http://www.stationeryprinting.tn.gov.in/extraordinary/2023/31_Ex_III_1a_2023.pdf,False,https://web.archive.org/web/20230403130450/http://www.stationeryprinting.tn.gov.in/extraordinary/2023/31_Ex_III_1a_2023.pdf,2023-04-03 13:04:50
54,30,2023-01-23,Part V--Section 4,Notifications by the Election Commission of India,NOTIFICATIONS BY THE ELECTION COMMISSION OF INDIA - Issue of Postal Ballot to Electors above the Age of 80 Years and Electors with Physical Disability,http://www.stationeryprinting.tn.gov.in/extraordinary/2023/30_Ex_V_4_2023,True,,
55,29,2023-01-23,Part II--Section 2,Notifications or Orders of interest to a Section of the public issued by Secretariat Departments.,"HIGHWAYS AND MINOR PORTS DEPARTMENT - Levy of Tolls on the Motor Vehicles Entering Dindigul-Kodaikanal Road, Palani-Kodaikanal Road and Cochin-Kodaikanal Road at Silver Cascade etc, in Kodaikanal Area in Dindigul District certain Period under Tolls Act.",http://www.stationeryprinting.tn.gov.in/extraordinary/2023/29_Ex_II_2_2023,True,,
56,28,2023-01-23,Part VI--Section 1,"Notifications of interest to the General Public issued by Heads of Departments, Etc","THE COMMISSIONER OF LAND ADMINISTRATION CHEPAUK, CHENNAI-600 005 - Acquisition of Lands",http://www.stationeryprinting.tn.gov.in/extraordinary/2023/28_Ex_VI_1_2023.pdf,False,https://web.archive.org/web/20230401003415/http://www.stationeryprinting.tn.gov.in/extraordinary/2023/28_Ex_VI_1_2023.pdf,2023-04-01 00:34:15
57,27,2023-01-20,Part III--Section 1a,"General Statutory Rules, Notifications, Orders, Regulations, etc., issued by Secretariat Departments","FINANCE DEPARTMENT - (Salaries) - Amendments to the Tamil Nadu Transparency in Tenders Rules, 2000",http://www.stationeryprinting.tn.gov.in/extraordinary/2023/27_Ex_III_1a_2023.pdf,False,https://web.archive.org/web/20230401003415/http://www.stationeryprinting.tn.gov.in/extraordinary/2023/27_Ex_III_1a_2023.pdf,2023-04-01 00:34:15
58,26,2023-01-19,Part II--Section 2,Notifications or Orders of interest to a Section of the public issued by Secretariat Departments.,"COMMERCIAL TAXES AND REGISTRATION DEPARTMENT - Notifications under the Tamil Nadu Goods and Services Tax Act, 2017 - Amendments to Notification.",http://www.stationeryprinting.tn.gov.in/extraordinary/2023/26_Ex_II_2_2023.pdf,False,https://web.archive.org/web/20230403130451/http://www.stationeryprinting.tn.gov.in/extraordinary/2023/26_Ex_II_2_2023.pdf,2023-04-03 13:04:51
59,25,2023-01-19,Part II--Section 1,Notifications or Orders of specific character or of particular interest to the public issued by Secretariat Departments,FINANCE DEPARTMENT - Market Borrowing Programme of State Government by Auction,http://www.stationeryprinting.tn.gov.in/extraordinary/2023/25_Ex_II_1_2023,True,,
60,24,2023-01-18,Part II--Section 1,Notifications or Orders of specific character or of particular interest to the public issued by Secretariat Departments,AGRICULTURE AND FARMERS WELFARE DEPARTMENT - Implementation of Price Support Scheme (PSS) Procurement of Copra in Tamil Nadu,http://www.stationeryprinting.tn.gov.in/extraordinary/2023/24_Ex_II_1_2023.pdf,False,https://web.archive.org/web/20230401003420/http://www.stationeryprinting.tn.gov.in/extraordinary/2023/24_Ex_II_1_2023.pdf,2023-04-01 00:34:20
61,23,2023-01-18,Part VI--Section 1,"Notifications of interest to the General Public issued by Heads of Departments, Etc","THE COMMISSIONER OF LAND ADMINISTRATION CHEPAUK, CHENNAI-600 005 - Acquisition of Lands",http://www.stationeryprinting.tn.gov.in/extraordinary/2023/23_Ex_VI_1_2023.pdf,False,https://web.archive.org/web/20230401003622/http://www.stationeryprinting.tn.gov.in/extraordinary/2023/23_Ex_VI_1_2023.pdf,2023-04-01 00:36:22
62,22,2023-01-13,Part III--Section 1a,"General Statutory Rules, Notifications, Orders, Regulations, etc., issued by Secretariat Departments","SCHOOL EDUCATION DEPARTMENT - Tamil Nadu Private Schools (Regulation) Rules, 2023.",http://www.stationeryprinting.tn.gov.in/extraordinary/2023/22_Ex_III_1a_2023.pdf,False,https://web.archive.org/web/20230401003633/http://www.stationeryprinting.tn.gov.in/extraordinary/2023/22_Ex_III_1a_2023.pdf,2023-04-01 00:36:33
63,21,2023-01-13,Part II--Section 2,Notifications or Orders of interest to a Section of the public issued by Secretariat Departments.,"SCHOOL EDUCATION DEPARTMENT - Date of Coming into Force of the Tamil Nadu Private Schools (Regulation) Act, 2018 (Tamil Nadu Act 35 of 2019)",http://www.stationeryprinting.tn.gov.in/extraordinary/2023/21_Ex_II_2_2023.pdf,False,https://web.archive.org/web/20230401003642/http://www.stationeryprinting.tn.gov.in/extraordinary/2023/21_Ex_II_2_2023.pdf,2023-04-01 00:36:42
64,20,2023-01-13,Part IV--Section 1,Tamil Nadu Bills,"L.A Bill No. 4 of 2023 - The Tamil Nadu Government Servants (Conditions of Service) Amendment Act, 2023 (English)",http://www.stationeryprinting.tn.gov.in/extraordinary/2023/20_Ex_IV_1_E_2023.pdf,False,https://web.archive.org/web/20230401003542/http://www.stationeryprinting.tn.gov.in/extraordinary/2023/20_Ex_IV_1_E_2023.pdf,2023-04-01 00:35:42
65,20,2023-01-13,Part IV--Section 1,Tamil Nadu Bills,"L.A Bill No. 4 of 2023 - The Tamil Nadu Government Servants (Conditions of Service) Amendment Act, 2023 (Tamil)",http://www.stationeryprinting.tn.gov.in/extraordinary/2023/20A_Ex_IV_1_T_2023.pdf,False,https://web.archive.org/web/20230401003542/http://www.stationeryprinting.tn.gov.in/extraordinary/2023/20A_Ex_IV_1_T_2023.pdf,2023-04-01 00:35:42
66,19,2023-01-13,Part II--Section 2,Notifications or Orders of interest to a Section of the public issued by Secretariat Departments.,"HOME DEPARTMENT - (Transport-I) - Tamil Nadu Electric Vehicles Policy, 2019 100% Exemption of Motor Vehicle Tax in Respect of all Battery Operated Vehicles (Electric Vehicles) under the Tamil Nadu Motor Vehicles Taxation Act, 1974.",http://www.stationeryprinting.tn.gov.in/extraordinary/2023/19_Ex_II_2_2023.pdf,False,https://web.archive.org/web/20230401003542/http://www.stationeryprinting.tn.gov.in/extraordinary/2023/19_Ex_II_2_2023.pdf,2023-04-01 00:35:42
67,18,2023-01-13,Part VI--Section 1,"Notifications of interest to the General Public issued by Heads of Departments, Etc","THE COMMISSIONER OF LAND ADMINISTRATION CHEPAUK, CHENNAI-600 005 - Acquisition of Lands",http://www.stationeryprinting.tn.gov.in/extraordinary/2023/18_Ex_VI_1_2023.pdf,False,https://web.archive.org/web/20230401003547/http://www.stationeryprinting.tn.gov.in/extraordinary/2023/18_Ex_VI_1_2023.pdf,2023-04-01 00:35:47
68,17,2023-01-12,Part IV--Section 1,Tamil Nadu Bills,BILLS - No. 1 of 2023 to No. 3 of 2023 (English),http://www.stationeryprinting.tn.gov.in/extraordinary/2023/17_Ex_IV_1_E_2023.pdf,False,https://web.archive.org/web/20230401003548/http://www.stationeryprinting.tn.gov.in/extraordinary/2023/17_Ex_IV_1_E_2023.pdf,2023-04-01 00:35:48
69,17,2023-01-12,Part IV--Section 1,Tamil Nadu Bills,BILLS - No. 1 of 2023 to No. 3 of 2023 (Tamil),http://www.stationeryprinting.tn.gov.in/extraordinary/2023/17A_Ex_IV_1_T_2023.pdf,False,https://web.archive.org/web/20230403130454/http://www.stationeryprinting.tn.gov.in/extraordinary/2023/17A_Ex_IV_1_T_2023.pdf,2023-04-03 13:04:54
70,16,2023-01-11,Part IV--Section 2,Tamil Nadu Acts and Ordinances,ACTS - No. 1 of 2023 and 2 of 2023,http://www.stationeryprinting.tn.gov.in/extraordinary/2023/16_Ex_IV_2_2023.pdf,False,https://web.archive.org/web/20230401003544/http://www.stationeryprinting.tn.gov.in/extraordinary/2023/16_Ex_IV_2_2023.pdf,2023-04-01 00:35:44
71,15,2023-01-10,Part II--Section 2,Notifications or Orders of interest to a Section of the public issued by Secretariat Departments.,WATER RESOURCES DEPARTMENT - Acquisition of Lands,http://www.stationeryprinting.tn.gov.in/extraordinary/2023/15_Ex_II_2_2023.pdf,False,https://web.archive.org/web/20230401003647/http://www.stationeryprinting.tn.gov.in/extraordinary/2023/15_Ex_II_2_2023.pdf,2023-04-01 00:36:47
72,14,2023-01-10,Part II--Section 2,Notifications or Orders of interest to a Section of the public issued by Secretariat Departments,TRANSPORT DEPARTMENT--WITHDRAWAL FROM ACQUISITION OF LANDS,http://www.stationeryprinting.tn.gov.in/extraordinary/2023/14_Ex_II_2_2023.pdf,False,https://web.archive.org/web/20230401003726/http://www.stationeryprinting.tn.gov.in/extraordinary/2023/14_Ex_II_2_2023.pdf,2023-04-01 00:37:26
73,13,2023-01-10,Part VI--Section 1,"Notifications of interest to the General Public issued by Heads of Departments, Etc","THE COMMISSIONER OF LAND ADMINISTRATION CHEPAUK, CHENNAI-600 005 - Acquisition of Lands",http://www.stationeryprinting.tn.gov.in/extraordinary/2023/13_Ex_VI_1_2023.pdf,False,https://web.archive.org/web/20230401003737/http://www.stationeryprinting.tn.gov.in/extraordinary/2023/13_Ex_VI_1_2023.pdf,2023-04-01 00:37:37
74,12,2023-01-09,Part VI--Section 1,"Notifications of interest to the General Public issued by Heads of Departments, Etc.","THE COMMISSIONER OF LAND ADMINISTRATION CHEPAUK, CHENNAI-600 005 -- ACQUISITION OF LANDS",http://www.stationeryprinting.tn.gov.in/extraordinary/2023/12_Ex_VI_1_2023.pdf,False,https://web.archive.org/web/20230401003728/http://www.stationeryprinting.tn.gov.in/extraordinary/2023/12_Ex_VI_1_2023.pdf,2023-04-01 00:37:28
75,11,2023-01-07,Part II--Section 1,Notifications or Orders of specific character or of particular interest to the public issued by Secretariat Departments,"DEMISE OF HONOURABLE THIRU E. THIRUMAHAN EVERAA, MEMBER OF THE TAMIL NADU LEGISLATIVE ASSEMBLY",http://www.stationeryprinting.tn.gov.in/extraordinary/2023/11_Ex_II_1_2023.pdf,False,https://web.archive.org/web/20230401003726/http://www.stationeryprinting.tn.gov.in/extraordinary/2023/11_Ex_II_1_2023.pdf,2023-04-01 00:37:26
76,10,2023-01-06,Part II--Section 2,Notifications or Orders of interest to a Section of the public issued by Secretariat Departments.,"ENERGY DEPARTMENT--Appointment of Member (Legal) in the Tamil Nadu Electricity Regulatory Commission under the Electricity Act, 2003.",http://www.stationeryprinting.tn.gov.in/extraordinary/2023/10_Ex_II_2_2023.pdf,False,https://web.archive.org/web/20230401003728/http://www.stationeryprinting.tn.gov.in/extraordinary/2023/10_Ex_II_2_2023.pdf,2023-04-01 00:37:28
77,9,2023-01-06,Part VI--Section 1,"Notifications of interest to the General Public issued by Heads of Departments, Etc","THE COMMISSIONER OF LAND ADMINISTRATION CHEPAUK, CHENNAI-600 005 - Acquisition of Lands",http://www.stationeryprinting.tn.gov.in/extraordinary/2023/9_Ex_VI_1_2023.pdf,False,https://web.archive.org/web/20230401003729/http://www.stationeryprinting.tn.gov.in/extraordinary/2023/9_Ex_VI_1_2023.pdf,2023-04-01 00:37:29
78,8,2023-01-05,Part II--Section 1,Notifications or Orders of specific character or of particular interest to the public issued by Secretariat Departments,MARKET BORROWING PROGRAMME OF STATE GOVERNMENT BY AUCTION,http://www.stationeryprinting.tn.gov.in/extraordinary/2023/8_Ex_II_1_2023.pdf,False,https://web.archive.org/web/20230401003712/http://www.stationeryprinting.tn.gov.in/extraordinary/2023/8_Ex_II_1_2023.pdf,2023-04-01 00:37:12
79,7,2023-01-04,Part II--Section 2,Notifications or Orders of interest to a Section of the public issued by Secretariat Departments.,"ANIMAL HUSBANDRY, DAIRYING, FISHERIES AND FISHERMEN WELFARE DEPARTMENT -Place and date for conducting jallikattu under clause (dd) of section 2 of the prevention of cruelty to animals act, 1960 as amended by the prevention of cruelty to animals",http://www.stationeryprinting.tn.gov.in/extraordinary/2023/7_Ex_II_2_2023.pdf,False,https://web.archive.org/web/20230401003729/http://www.stationeryprinting.tn.gov.in/extraordinary/2023/7_Ex_II_2_2023.pdf,2023-04-01 00:37:29
80,6,2023-01-04,Part II--Section 2,Notifications or Orders of interest to a Section of the public issued by Secretariat Departments.,HEALTH AND FAMILY WELFARE DEPARTMENT--Medical Education – Appointment of Vice Chancellor for the Tamil Nadu Dr. M.G.R. Medical University – Constitution of Search Committee as per section 10 (1) of the Tamil Nadu Dr. M.G.R. Medical University….,http://www.stationeryprinting.tn.gov.in/extraordinary/2023/6_Ex_II_2_2023.pdf,False,https://web.archive.org/web/20230401003710/http://www.stationeryprinting.tn.gov.in/extraordinary/2023/6_Ex_II_2_2023.pdf,2023-04-01 00:37:10
81,5,2023-01-04,Part II--Section 2,Notifications or Orders of interest to a Section of the public issued by Secretariat Departments.,"HEALTH AND FAMILY WELFARE DEPARTMENT--Prescription of Educational Qualification and Experience for the post of Vice-Chancellor in the Tamil Nadu Dr.M.G.R Medical University under the Tamil Nadu Dr. M.G.R Medical University, Chennai (Amendment) Act, 2018.",http://www.stationeryprinting.tn.gov.in/extraordinary/2023/5_Ex_II_2_2023.pdf,False,https://web.archive.org/web/20230401003647/http://www.stationeryprinting.tn.gov.in/extraordinary/2023/5_Ex_II_2_2023.pdf,2023-04-01 00:36:47
82,4,2023-01-03,Part II--Section 2,Notifications or Orders of interest to a Section of the public issued by Secretariat Departments.,"SOCIAL WELFARE AND WOMEN EMPOWERMENT DEPARTMENT--Reconstitution of Juvenile Justice Board in certain districts under the Juvenile Justice (Care and Protection of Children) Act, 2015 [Central Act 2 of 2016] and …",http://www.stationeryprinting.tn.gov.in/extraordinary/2023/4_Ex_II_2_2023.pdf,False,https://web.archive.org/web/20230401003730/http://www.stationeryprinting.tn.gov.in/extraordinary/2023/4_Ex_II_2_2023.pdf,2023-04-01 00:37:30
83,3,2023-01-03,Part VI-Section 1,"Notifications of interest to the General Public issued by Heads of Departments, Etc.","THE COMMISSIONER OF LAND ADMINISTRATION CHEPAUK, CHENNAI-600 005 - Acquisition of Lands",http://www.stationeryprinting.tn.gov.in/extraordinary/2023/3_Ex_VI_1_2023.pdf,False,https://web.archive.org/web/20230401003717/http://www.stationeryprinting.tn.gov.in/extraordinary/2023/3_Ex_VI_1_2023.pdf,2023-04-01 00:37:17
84,2,2023-01-03,Part VI-Section 1,"Notifications of interest to the General Public issued by Heads of Departments, Etc.","THE COMMISSIONER OF LAND ADMINISTRATION CHEPAUK, CHENNAI-600 005 - Acquisition of Lands",http://www.stationeryprinting.tn.gov.in/extraordinary/2023/2_Ex_VI_1_2023.pdf,False,https://web.archive.org/web/20230403130456/http://www.stationeryprinting.tn.gov.in/extraordinary/2023/2_Ex_VI_1_2023.pdf,2023-04-03 13:04:56
85,1,2023-01-02,Part III--Section 1a,"General Statutory Rules, Notifications, Orders, Regulations, etc., issued by Secretariat Departments.","HOUSING AND URBAN DEVELOPMENT DEPARTMENT--Amendments to the Tamil Nadu Combined Development and Building Rules, 2019.",http://www.stationeryprinting.tn.gov.in/extraordinary/2023/1_Ex_III_1a_2023.pdf,False,https://web.archive.org/web/20230401003720/http://www.stationeryprinting.tn.gov.in/extraordinary/2023/1_Ex_III_1a_2023.pdf,2023-04-01 00:37:20
