,Part,Content,URL,Date,Issue,Deleted,Archived URL,Archived Date
0,1. Part I,"Notifications or Orders regarding first appointments, investiture of magisterial powers, etc., issued by Secretariat Departments I. NOTICE REGARDING GAZETTE EXTRAORDINARY ISSUES PUBLISHED DURING THE WEEK. II. NOTICE REGARDING PARTS AND SECTIONS OF THE GAZETTE NOT PUBLISHED DURING THE WEEK. REVENUE AND DISASTER MANAGEMENT DEPARTMENT - Dismissed",http://www.stationeryprinting.tn.gov.in/gazette2023/13_I_2023.pdf,2023-03-29,13,False,,
2,4. Part III--Section 2,"Statutory Notifications and Orders issued by Heads of Departments V.O.CHIDAMBARANAR PORT AUTHORITY, THOOTHUKUDI - General Scale of Rates and Terms & Conditions",http://www.stationeryprinting.tn.gov.in/gazette2023/13_III_2_2023.pdf,2023-03-29,13,False,,
3,5. Part VI--Section 1,"Notifications of interest to the General Public issued by Heads of Departments, Etc GENERAL NOTIFICATIONS - Appointment of Official Liquidator for certain Co-operative Societies in Dharmapuri District. TAMIL NADU NURSES AND MIDWIVES COUNCIL, CHENNAI - Result of Election for Member of the Nurses League of the Christian Medical Association of India, South India Branch.",http://www.stationeryprinting.tn.gov.in/gazette2023/13_VI_1_2023.pdf,2023-03-29,13,False,,
4,7. Part VI--Section 3a,Notifications issued by cost recoverable institutions of State and Central Governments JUDICIAL NOTIFICATIONS - Insolvency Petitions,http://www.stationeryprinting.tn.gov.in/gazette2023/13_VI_3a_2023.pdf,2023-03-29,13,False,,
5,8. Part VI--Section 3b,"Notifications issued by Quasi - Government bodies and Public Sector undertakings UNIVERSITY AUTHORITIES - THE TAMIL NADU Dr. M.G.R. MEDICAL UNIVERSITY, CHENNAI - Result of Election of one Professor held to the Senate of the Tamil Nadu Dr.M.G.R. Medical University, Teachers of all Affiliated Nursing Colleges (Tamil Nadu Act 1987)",http://www.stationeryprinting.tn.gov.in/gazette2023/13_VI_3b_2023.pdf,2023-03-29,13,False,,
6,9. Part VI--Section 4,Advertisements by private individuals and private institutions PRIVATE ADVERTISEMENTS - Change of Names - Notices,http://www.stationeryprinting.tn.gov.in/gazette2023/13_VI_4_2023.pdf,2023-03-29,13,False,,
1,3. Part III--Section 1a,"General Statutory Rules, Notifications, Orders, Regulations, etc., issued by Secretariat Departments LABOUR WELFARE AND SKILL DEVELOPMENT DEPARTMENT - Amendments to the Tamil Nadu Factories Rules",http://www.stationeryprinting.tn.gov.in/gazette2023/13_III_1a_2023.pdf,2023-03-29,13,False,,
10,7. Part III-Section 2,"Statutory Notifications and Orders issued by Heads of Departments JUDICIAL NOTIFICATION - THE HIGH COURT OF JUDICATURE AT MADRAS - Amendment to Appendix G of the Code of the Civil Procedure, 1908",http://www.stationeryprinting.tn.gov.in/gazette2023/12_III_2_2023.pdf,2023-03-22,12,False,,
12,11. Part VI--Section 4,Advertisements by private individuals and private institutions PRIVATE ADVERTISEMENTS - Change of Names - Notices,http://www.stationeryprinting.tn.gov.in/gazette2023/12_VI_4_2023.pdf,2023-03-22,12,False,,
11,9. Part VI--Section 1,"Notifications of interest to the General Public issued by Heads of Departments, Etc. GENERAL NOTIFICATIONS - Confirmation of variation to the Approved Cumbum Detailed Development Plan No.5 of Cumbum Local Planning Authority……………",http://www.stationeryprinting.tn.gov.in/gazette2023/12_VI_1_2023.pdf,2023-03-22,12,False,,
9,6. Part III-Section 1b,"Service Rules including Ad hoc Rules, Regulations, etc., issued by Secretariat Departments ENVIRONMENT, CLIMATE CHANGE AND FOREST DEPARTMENT - Amendments to the Special Rules for the Tamil Nadu Forest Subordinate Service FINANCE (CO-OPERATIVE AUDIT) DEPARTMENT - Amendments to Adhoc Rules to the posts of Joint Director of Co-operative Audit, Deputy Director of Co-operative Audit and Assistant Director of Co-operative Audit",http://www.stationeryprinting.tn.gov.in/gazette2023/12_III_1b_2023.pdf,2023-03-22,12,False,,
8,4. Part III-Section 1a,"General Statutory Rules, Notifi cations, Orders, Regulations, etc., issued by Secretariat Departments. AGRICULTURE AND FARMERS WELFARE DEPARTMENT - Amendments to the Tamil Nadu Co-operative Sugar Mills Managerial Common Cadre System Rules, 2018. ENVIRONMENT, CLIMATE CHANGE AND FOREST DEPARTMENT - Amendments to the Tamil Nadu Regulation of Wood Based Industries Rules, 2010.",http://www.stationeryprinting.tn.gov.in/gazette2023/12_III_1a_2023.pdf,2023-03-22,12,False,,
7,1. Part I,"Notifications or Orders regarding first appointments, investiture of magisterial powers, etc., issued by Secretariat Departments I. NOTICE REGARDING GAZETTE EXTRAORDINARY ISSUES PUBLISHED DURING THE WEEK II. NOTICE REGARDING PARTS AND SECTIONS OF THE GAZETTE NOT PUBLISHED DURING THE WEEK PUBLIC DEPARTMENT - (Special-A) - Appointment",http://www.stationeryprinting.tn.gov.in/gazette2023/12_I_2023.pdf,2023-03-22,12,False,,
13,1. Part I,"Notifications or Orders regarding first appointments, investiture of magisterial powers, etc., issued by Secretariat Departments I. NOTICE REGARDING GAZETTE EXTRAORDINARY ISSUES PUBLISHED DURING THE WEEK II. NOTICE REGARDING PARTS AND SECTIONS OF THE GAZETTE NOT PUBLISHED DURING THE WEEK REVENUE AND DISASTER MANAGEMENT DEPARTMENT - Dismissed",http://www.stationeryprinting.tn.gov.in/gazette2023/11_I_2023.pdf,2023-03-15,11,False,,
14,2. Part II-Section 1,Notifications or Orders of specifi c character or of particular interest to the public issued by Secretariat Departments AGRICULTURE AND FARMERS WELFARE DEPARTMENT - Declaration of certain Seed Testing Laboratories at Tiruppur as State seed Laboratory under the Act.,http://www.stationeryprinting.tn.gov.in/gazette2023/11_II_1_2023.pdf,2023-03-15,11,False,,
15,3. Part II-Section 2,"Notifications or Orders of interest to a section of the public issued by Secretariat Departments ANIMAL HUSBANDRY, DAIRYING FISHERIES AND FISHERMEN WELFARE DEPARTMENT - Prevention of Cruelty to Animals Act, Places and Dates for Conducting Erudhuvidum Vizha / Jallikattu in certain Districts, etc. COMMERCIAL TAXES AND REGISTRATION DEPARTMENT - Indian Stamp Act. HEALTH AND FAMILY WELFARE DEPARTMENT - Drugs and Cosmetics Act Appointment of Government Analyst to the Drugs Testing Laboratory, Madurai. HOME DEPARTMENT - Tamil Nadu Protection of Interests of Depositors (in Financial Establishments) Act, Messers Jenith Herbals, Namakkal District LABOUR WELFARE AND SKILL DEVELOPMENT DEPARTMENT - Employees State Insurance Act, Renewal of Exemption granted to the Tamil Nadu Cements Corporation Limited, Ariyalur and Labour Courts for Adjudication",http://www.stationeryprinting.tn.gov.in/gazette2023/11_II_2_2023.pdf,2023-03-15,11,False,,
16,5. Part III-Section 1a,"General Statutory Rules, Notifi cations, Orders, Regulations, etc., issued by Secretariat Departments. HOME DEPARTMENT - (Prison-V) - Amendment to the Tamil Nadu Prison Rules TOURISM, CULTURE AND RELIGIOUS ENDOWMENTS DEPARTMENT - Amendment to the Management and Preservation of Properties of Religious Institutions Rules",http://www.stationeryprinting.tn.gov.in/gazette2023/11_III_1a_2023.pdf,2023-03-15,11,False,,
17,10. Part VI--Section 3a,"Notifications issued by cost recoverable institutions of State and Central Governments. GENERAL NOTIFICATION - TAMIL NADU WAQF BOARD, CHENNAI-600 001. - Framing of Bye Law in respect of Jamia Masjid, Tuticorin District",http://www.stationeryprinting.tn.gov.in/gazette2023/11_VI_3a_2023.pdf,2023-03-15,11,False,,
18,11. Part VI--Section 4,Advertisements by private individuals and private institutions PRIVATE ADVERTISEMENTS - Change of Names - Notices,http://www.stationeryprinting.tn.gov.in/gazette2023/11_VI_4_2023.pdf,2023-03-15,11,False,,
23,5. Part VI--Section 1,"Notifications of interest to the General Public issued by Heads of Departments, Etc GENERAL NOTIFICATIONS - Variation to the Approved Singanallur Detailed Development Plan No. 51 of Coimbatore Local Planning Area",http://www.stationeryprinting.tn.gov.in/gazette2023/10_VI_1_2023.pdf,2023-03-08,10,False,,
27,9. Part VI--Section 4,Advertisements by private individuals and private institutions PRIVATE ADVERTISEMENTS - Change of Names,http://www.stationeryprinting.tn.gov.in/gazette2023/10_VI_4_2023.pdf,2023-03-08,10,False,,
26,8. Part VI—Section 3(b),"Notifications issued by Quasi - Government bodies and Public Sector undertakings. WELFARE OF DIFFERENTLY ABLED PERSONS DEPARTMENT--Rights of persons with Disabilities Act.— Suitable Posts for Differently Abled Persons in Tamil Nadu Adi Dravidar Housing and Development Corporation Limited. TAMIL NADU TRANSMISSION CORPORATION LIMITED--General Construction Circle, Coimbatore-Final Notification UNIVERSITY AUTHORITIES--MANONMANIAM SUNDARANAR UNIVERSITY, TIRUNELVELI--Election to the Senate--BHARATHIDASAN UNIVERSITY, TIRUCHIRAPPALLI--Election to the Senate",http://www.stationeryprinting.tn.gov.in/gazette2023/10_VI_3b_2023.pdf,2023-03-08,10,False,,
24,6. Part VI--Section 1-A-Sup,"Notifications by Heads of Departments, Etc",http://www.stationeryprinting.tn.gov.in/gazette2023/10_VI_1A_Sup_2023.pdf,2023-03-08,10,False,,
25,7. Part VI--Section 2,"Notifications of interest to a section of the public issued by Heads of Departments, etc TAMIL NADU ELECTRICITY REGULATORY COMMISSION, CHENNAI - State Advisory Committee Regulations, 2004",http://www.stationeryprinting.tn.gov.in/gazette2023/10_VI_2_2023.pdf,2023-03-08,10,False,,
22,4. Part III-Section 2,"Statutory Notifi cations and Orders issued by Heads of Departments TAMIL NADU LABOUR WELFARE BOARD, CHENNAI - Unpaid Accumulation Amount for the Year April 2021 to March 2022",http://www.stationeryprinting.tn.gov.in/gazette2023/10_III_2_2023.pdf,2023-03-08,10,False,,
21,3. Part III-Section 1a,"General Statutory Rules, Notifi cations, Orders, Regulations, etc., issued by Secretariat Departments. CO-OPERATION, FOOD AND CONSUMER PROTECTION DEPARTMENT - Amendment to the Tamil Nadu Consumer Protection (Salary, Allowances and conditions of service of President and Members of the State Commission and District Commission) Rules, 2021.",http://www.stationeryprinting.tn.gov.in/gazette2023/10_III_1a_2023.pdf,2023-03-08,10,False,,
20,2. Part II--Section 2,"Notifications or Orders of interest to a section of the public issued by Secretariat Departments. AGRICULTURE AND FARMERS WELFARE DEPARTMENT--Tamil Nadu Agricultural University Act. COMMERCIAL TAXES AND REGISTRATION DEPARTMENT--Indian Stamp Act.—Provisions for consolidation of Duty Charges in respect of issue of Insurance policies by the new India Assurance Company Limited, Rani Seethai Hall, Chennai for certain period, etc. CO-OPERATION, FOOD AND CONSUMER PROTECTION DEPARTMENT--Amendment to Notification under the Tamil Nadu Co-operative Society Act. ENVIRONMENT, CLIMATE CHANGE - FOREST DEPARTMENT--Tamil Nadu Forest Act.— Declaration of Nainamalai Karadu Forest Block in Namakkal District as Reserved Forests HIGHER EDUCATION DEPARTMENT--Tamil Nadu Public Premises (Eviction of Unauthorized Occupants) Appointment of Estate Officer to the Alagappa University Karaikudi LABOUR WELFARE AND SKILL DEVELOPMENT DEPARTMENT--Labour Courts for Adjudication LAW ADMINISTRATION DEPARTMENT--Notaries Act.—Removal of certain Notary Name in the Register of Notaries in Salem District",http://www.stationeryprinting.tn.gov.in/gazette2023/10_II_2_2023.pdf,2023-03-08,10,False,,
19,1. Part I,"Notifications or Orders regarding first appointments, investiture of magisterial powers, etc., issued by Secretariat Departments. PUBLIC DEPARTMENT (Special-A)--Appointment REVENUE AND DISASTER MANAGEMENT DEPARTMENT--Dismissed",http://www.stationeryprinting.tn.gov.in/gazette2023/10_I_2023.pdf,2023-03-08,10,False,,
28,1. Part I,"Notifications or Orders regarding first appointments, investiture of magisterial powers, etc., issued by Secretariat Departments I. NOTICE REGARDING GAZETTE EXTRAORDINARY ISSUES PUBLISHED DURING THE WEEK II. NOTICE REGARDING PARTS AND SECTIONS OF THE GAZETTE NOT PUBLISHED DURING THE WEEK PUBLIC DEPARTMENT - (Special-A) - Appointment PUBLIC DEPARTMENT - (Special-B) - Obituary Notice",http://www.stationeryprinting.tn.gov.in/gazette2023/9_I_2023.pdf,2023-03-01,9,False,,
29,4. Part III-Section 1a,"General Statutory Rules, Notifi cations, Orders, Regulations, etc., issued by Secretariat Departments. HOME DEPARTMENT - Amendments to the Tamil Nadu Motor Vehicles Rules",http://www.stationeryprinting.tn.gov.in/gazette2023/9_III_1a_2023.pdf,2023-03-01,9,False,,
30,5. Part VI--Section 1,"Notifications of interest to the General Public issued by Heads of Departments, Etc GENERAL NOTIFICATIONS - Final Closing and Cancellation of Registration for certain Co-operative Societies in certain Districts. JUDICIAL NOTIFICATIONS - Fixation the Local Limits of the Jurisdiction of the District Munsif Courts of Nagapattinam and Mayiladuthurai Districts - Conferment of Magisterial Powers TAMIL NADU MEDICAL COUNCIL, CHENNAI - Amendment Notification under the Aadhaar Authentication for Good Governance (Social Welfare, Innovation, Knowledge) Rules, 2020",http://www.stationeryprinting.tn.gov.in/gazette2023/9_VI_1_2023.pdf,2023-03-01,9,False,,
31,7. Part VI--Section 3(a),"Notifications issued by cost recoverable institutions of State and Central Governments. GENERAL NOTIFICATION - TAMIL NADU WAQF BOARD, CHENNAI-600 001 - Framing of Bye Law in respect of Tanjore Road, New Mosque Waqf, Trichy District",http://www.stationeryprinting.tn.gov.in/gazette2023/9_VI_3a_2023.pdf,2023-03-01,9,False,,
32,8. Part VI--Section 4,Advertisements by private individuals and private institutions PRIVATE ADVERTISEMENTS - Change of Names - Notices,http://www.stationeryprinting.tn.gov.in/gazette2023/9_VI_4_2023.pdf,2023-03-01,9,False,,
33,9. Part III--Section 2,Statutory Notifications and Orders issued by Heads of Departments CHENNAI PORT AUTHORITY - Upfront Tariff For Stevedoring and Shore Handling Services,http://www.stationeryprinting.tn.gov.in/gazette2023/9_III_2_2023.pdf,2023-03-01,9,False,,
34,10. Part II--Section 1,Notifications or Orders of specific character or of particular interest to the public issued by Secretariat Departments. Departments AGRICULTURE AND FARMERS WELFARE DEPARTMENT - Banning of six (6) hazardous pesticides for a period of 60 days and banning of use of 3% Yellow Phosphorus [Ratol] for Insecticidal purpose permanently under the Insecticides Act.,http://www.stationeryprinting.tn.gov.in/gazette2023/9_II_1_2023.pdf,2023-03-01,9,False,,
40,6. Part VI-Section 1-T-Supp,"Notifications of interest to the General Public issued by Heads of Departments, Etc. Notice regarding dissolution of societies u/s 137(2) (b) and appointment of winding up officers u/s 138(1) Tamil Nadu Co-operative Societies Act, 1983",http://www.stationeryprinting.tn.gov.in/gazette2023/8_VI_1_T_Sup.pdf,2023-02-22,8,False,,
44,10. Part VI--Section 4,Advertisements by private individuals and private institutions PRIVATE ADVERTISEMENTS - Change of Names - Notice,http://www.stationeryprinting.tn.gov.in/gazette2023/8_VI_4_2023.pdf,2023-02-22,8,False,,
43,9. Part VI--Section 3(b),"Notifications issued by Quasi-Government bodies and Public Sector undertakings. UNIVERSITY AUTHORITIES - The Tamil Nadu Dr. M.G.R. Medical University, Chennai - Notice of Election",http://www.stationeryprinting.tn.gov.in/gazette2023/8_VI_3b_2023.pdf,2023-02-22,8,False,,
42,8. Part VI--Section 3(a),"Notifications issued by cost recoverable institutions of State and Central Governments. REHABILITATION AND RESETTLEMENT IN KARUR DISTRICT - Right to fair Compensation and Transparency in Land Acquisition and Resettlement Act, 2013 GENERAL NOTIFICATIONS--TAMIL NADU WAQF BOARD, CHENNAI-600 001 - Taking over the Royapettah, Masjid E Asar E Sherif, Chennai District (G.S. No. 100/Chen) under Direct Management of Tamil Nadu Waqf Board etc… JUDICIAL NOTIFICATIONS - Insolvency Petitions",http://www.stationeryprinting.tn.gov.in/gazette2023/8_VI_3a_2023.pdf,2023-02-22,8,False,,
41,7. Part VI-Section 1A-Sup,"Notifications of interest to the General Public issued by Heads of Departments, Etc. CAUVERY-VAIGAI-GUNDAR LINK CANAL PROJECT, THIRUCHIRAPPALLI DISTRICT - Acquisition of Lands",http://www.stationeryprinting.tn.gov.in/gazette2023/8_VI_1A_Sup_2023.pdf,2023-02-22,8,False,,
37,3. Part II-Section 2-T-Sup.,Notifications or Orders of interest to a section of the public issued by Secretariat Departments. HOUSING AND URBAN DEVELOPMENT DEPARTMENT - Government Notifications and Tamil Translations.,http://www.stationeryprinting.tn.gov.in/gazette2023/8_II_2_T_Sup_2023.pdf,2023-02-22,8,False,,
39,5. Part VI--Section 1,"Notifications of interest to the General Public issued by Heads of Departments, Etc. GENERAL NOTIFICATIONS--Variation to the Approved Second Master Plan for the Chennai Metropolitan Area 2026 of Chennai Metropolitan Development Authority for Chennai Metropolitan Area…… JUDICIAL NOTIFICATION--Declaration of Dividend",http://www.stationeryprinting.tn.gov.in/gazette2023/8_VI_1_2023.pdf,2023-02-22,8,False,,
38,4. Part IV--Section 2-T-Supp,Tamil Nadu Acts and Ordinance Act No. 1/2023,http://www.stationeryprinting.tn.gov.in/gazette2023/8_IV_2_T_Sup_2023.pdf,2023-02-22,8,False,,
36,2. Part II--Section 2,"Notifications or Orders of interest to a section of the public issued by Secretariat Departments. ANIMAL HUSBANDRY, DAIRYING, FISHERIES AND FISHERMEN WELFARE DEPARTMENT - Prevention of Cruelty to Animals Act. Places and Date for Conducting Jallikattu / Erudhu Vidum Vizha for certain Districts etc… HOME DEPARTMENT - Tamil Nadu Civil Courts Act.— Constitution of a Subordinate Judge's Court at Vandavasi in Tiruvannamalai District -- Code of Criminal Procedure -- Banning of Unregulated Deposits Schemes Act.— Amendment to Notification.. HOUSING AND URBAN DEVELOPMENT DEPARTMENT - Tamil Nadu Town and Country Plannng Act.—Declaration of Kancheepuram New Town Development Plan for Chennai Metropolitan Development Authority, etc. LABOUR WELFARE AND SKILL DEVELOPMENT DEPARTMENT - Labour Courts for Adjudication",http://www.stationeryprinting.tn.gov.in/gazette2023/8_II_2_2023.pdf,2023-02-22,8,False,,
35,1. Part I,"Notifications or Orders regarding first appointments, investiture of magisterial powers, etc., issued by Secretariat Departments. I. NOTICE REGARDING GAZETTE EXTRAORDINARY ISSUES PUBLISHED DURING THE WEEK II. NOTICE REGARDING PARTS AND SECTIONS OF THE GAZETTE NOT PUBLISHED DURING THE WEEK.",http://www.stationeryprinting.tn.gov.in/gazette2023/8_P_I_2023.pdf,2023-02-22,8,False,,
50,6. Part III--Section 2,"Statutory Notifications and Orders issued by Heads of Departments. CO-OPERATION, FOOD AND CONSUMER PROTECTION DEPARTMENT--Tamil Nadu Information Technology (Eletronic Services Delivery) Rules, 2016",http://www.stationeryprinting.tn.gov.in/gazette2023/7_III_2_2023.pdf,2023-02-15,7,False,,
54,11. Part VI--Section 3(a),"Notifications issued by cost recoverable institutions of State and Central Governments. GENERAL NOTIFICATIONS--TAMIL NADU WAQF BOARD, CHENNAI-600 001.--Ratification and Extension period of Direct Management of Hazrath Imamar Zafer Sadiq Fathia, in Coimbatore District, etc……..",http://www.stationeryprinting.tn.gov.in/gazette2023/7_VI_3a_2023,2023-02-15,7,False,,
53,10. Part VI--Section 2,"Notifications of interest to a section of the public issued by Heads of Departments, etc. TAMIL NADU STATE LEGAL SERVICES AUTHORITY--Nomination of Chairman for the High Court Legal Services Committee",http://www.stationeryprinting.tn.gov.in/gazette2023/7_VI_2_2023.pdf,2023-02-15,7,False,,
52,8. Part VI--Section-1-T-Supp,"Notification by Head of Departments Notification of dissolution of society under section 137(2)(b) of the Tamil Nadu Co-operative Societies Act, 1983 and appointment of officer under section 138(1)",http://www.stationeryprinting.tn.gov.in/gazette2023/7_VI_1_T_Sup_2023.pdf,2023-02-15,7,False,,
51,7. Part VI--Section 1,"Notifications of interest to the General Public issued by Heads of Departments, Etc. Final closing and Cancellation of Registration for certain Co-operative societies in certain Districts--Ind, No.10 (U/L) The Vellore District Irula Biomass and Household Products Manufacturers' Livelihood Industrial Co-operative Society Ltd. etc…….. GENERAL NOTIFICATIONS--Winding up the affairs of the Ind. No.23/MDS/2008, Moulavi A Raheem Auto Drivers Industrial Co-operative Society Ltd., Chennai District and Appointment of Official Liquidator JUDICIAL NOTIFICATIONS--Constitution of a Sub Court at Kodumudi in Erode District and Ponnamaravathy in Pudukkottai District, etc……",http://www.stationeryprinting.tn.gov.in/gazette2023/7_VI_1_2023.pdf,2023-02-15,7,False,,
55,12. Part VI--Section 4,Advertisements by private individuals and private institutions PRIVATE ADVERTISEMENTS - Change of Names - Notice,http://www.stationeryprinting.tn.gov.in/gazette2023/7_VI_4_2023.pdf,2023-02-15,7,False,,
49,5. Part III--Section 1b,"Service Rules including Ad hoc Rules, Regulations, etc., issued by Secretariat Departments. HOME DEPARTMENT (Prison-II)--Amendments to the Special Rules for the Tamil Nadu Jail Subordinate Service. LABOUR WELFARE AND SKILL DEVELOPMENT DEPARTMENT--Courts - Constitution of Additional Labour Court, Madurai-Ordered-Revalidation-Orders-Issued.",http://www.stationeryprinting.tn.gov.in/gazette2023/7_III_1b_2023.pdf,2023-02-15,7,False,,
46,2. Part II--Section 2,"Notifications or Orders of interest to a section of the public issued by Secretariat Departments. ANIMAL HUSBANDRY, DAIRYING, FISHERIES AND FISHERMEN WELFARE DEPARTMENT--Prevention of Cruelty to Animals Act.—Places and Dates for Conducting Jallikattu / Erudhu Vidum Vizha for certain Districts etc. ENVIRONMENT, CLIMATE CHANGE AND FOREST DEPARTMENT--Tamil Nadu Forest Act.—Declaration of Thallakakuttu Forest Block--Oddanchatram Forest Block. HOME DEPARTMENT (SC)--Award of the Tamil Nadu Chief Minister's Constabulary Medals on the occasion of the Pongal Day, 2023.--Dellhi Special Police Establishment Act.—Consent HOUSING AND URBAN DEVELOPMENT DEPARTMENT--Tamil Nadu Town and Country Planning Act.—Declaration of Thoppur-Uchapatti New Town Development Area LABOUR WELFARE AND SKILL DEVELOPMENT DEPARTMENT--Labour Courts for Adjudication",http://www.stationeryprinting.tn.gov.in/gazette2023/7_II_2_2023.pdf,2023-02-15,7,False,,
45,1. Part I,"Notifications or Orders regarding first appointments, investiture of magisterial powers, etc., issued by Secretariat Departments. I. Notice regarding Gazette Extraordinary issues published during the week. II. Notice regarding parts and sections of the Gazette not published during the week. PUBLIC DEPARTMENT (Special-A)--Appointment",http://www.stationeryprinting.tn.gov.in/gazette2023/7_P_1_2023.pdf,2023-02-15,7,False,,
48,4. Part III--Section 1a,"General Statutory Rules, Notifications, Orders, Regulations, etc., issued by Secretariat Departments. HOME DEPARTMENT--Amendments to the Tamil Nadu Suspension of Sentence Rules. LABOUR WELFARE AND SKILL DEVELOPMENT DEPARTMENT--Amendments to the Tamil Nadu Plantations Labour Rules.",http://www.stationeryprinting.tn.gov.in/gazette2023/7_III_1a_2023.pdf,2023-02-15,7,False,,
47,3. Part II--Section 2-T-Supp,Notifications or Orders of interest to a section of the public issued by Secretariat Departments.,http://www.stationeryprinting.tn.gov.in/gazette2023/7_II_2_T_Sup_2023.pdf,2023-02-15,7,False,,
61,6. Part IV--Section 2T-Sup.,Tamil Nadu Acts and Ordinances Act No. 45 of 2022,http://www.stationeryprinting.tn.gov.in/gazette2023/6_IV_2_T_Sup_2023.pdf,2023-02-08,6,False,,
56,1. Part I,"Notifications or Orders regarding first appointments, investiture of magisterial powers, etc., issued by Secretariat Departments. I. NOTICE REGARDING GAZETTE EXTRAORDINARY ISSUES PUBLISHED DURING THE WEEK II. NOTICE REGARDING PARTS AND SECTIONS OF THE GAZETTE NOT PUBLISHED DURING THE WEEK.",http://www.stationeryprinting.tn.gov.in/gazette2023/6_P_I_2023.pdf,2023-02-08,6,False,,
64,9. Part VI--Section 2,"Notifications of interest to a section of the public issued by Heads of Departments, etc COLLECTORS AND LOCAL AUTHORITIES --Notification for Mayiladuthurai District Kollidam Panchayat Union, Anaikaranchatram Village Panchayat President Dismissal GOVERNMENT EXAMINATIONS / EDUCATIONAL OFFICERS - Loss of Certificates",http://www.stationeryprinting.tn.gov.in/gazette2023/6_VI_2_2023.pdf,2023-02-08,6,False,,
63,8. Part VI--Section 1-A-Sup,"Notifications of interest to the General Public issued by Heads of Departments, Etc",http://www.stationeryprinting.tn.gov.in/gazette2023/6_VI_1A_Sup_2023.pdf,2023-02-08,6,False,,
62,7. Part VI--Section 1,"Notifications of interest to the General Public issued by Heads of Departments, Etc GENERAL NOTIFICATIONS - Winding up of the affairs of Final Closing and Cancellation of Registration for certain Co-operative Societies Ltd., in Kancheepuram District JUDICIAL NOTIFICATIONS - Holidays for the Chief Judicial Magistrate Court, Karur and all the Subordinate Criminal Courts in Karur District for the Year-2023.",http://www.stationeryprinting.tn.gov.in/gazette2023/6_VI_1_2023.pdf,2023-02-08,6,False,,
65,10. Part VI--Section 4,Advertisements by private individuals and private institutions PRIVATE ADVERTISEMENTS - Change of Names - Notice,http://www.stationeryprinting.tn.gov.in/gazette2023/6_VI_4_2023.pdf,2023-02-08,6,False,,
60,5. Part III--Section 1b,"Service Rules including Ad hoc Rules, Regulations, etc., issued by Secretariat Departments. HOME DEPARTMENT - Amendments to the Special Rules for the Tamil Nadu Police Service",http://www.stationeryprinting.tn.gov.in/gazette2023/6_III_1b_2023.pdf,2023-02-08,6,False,,
58,3. Part II--Section 2-T-Sup.,Notifications or Orders of interest to a section of the public issued by Secretariat Departments ENVIRONMENT CLAIMATE CHANGE AND FOREST DEPARTMENT - Notification,http://www.stationeryprinting.tn.gov.in/gazette2023/6_II_2_T_Sup_2023.pdf,2023-02-08,6,False,,
57,2. Part II--Section 2,"Notifications or Orders of interest to a section of the public issued by Secretariat Departments HOME DEPARTMENT - (SC) - Award of the Tamil Nadu Chief Minister's Fire Service Medals on the occasion of the Pongal Day, 2023……… HOME DEPARTMENT - Tamil Nadu Civil Courts Act LABOUR WELFARE AND SKILL DEVELOPMENT DEPARTMENT - Employees' State Insurance Act - Minimum Wages Act - Industrial Disputes Act - Labour Courts for Adjudication….. WELFARE OF DIFFERENTLY ABLED PERSONS DEPARTMENT - Identification of suitable posts for Diff erently Abled Persons under Group A & B Categories",http://www.stationeryprinting.tn.gov.in/gazette2023/6_II_2_2023.pdf,2023-02-08,6,False,,
59,4. Part III--Section 1a,"General Statutory Rules, Notifications, Orders, Regulations, etc., issued by Secretariat Departments CO-OPERATION, FOOD AND CONSUMER PROTECTION DEPARTMENT - Amendment to the Tamil Nadu Co-operative Societies Rules",http://www.stationeryprinting.tn.gov.in/gazette2023/6_III_1a_2023.pdf,2023-02-08,6,False,,
71,6. Part VI--Section 1,"Notifications of interest to the General Public issued by Heads of Departments, Etc. GENERAL NOTIFICATIONS - Winding up the aff airs of certain Co-operative Societies in certain Districts and Appointment of Offi cial Liquidator.",http://www.stationeryprinting.tn.gov.in/gazette2023/5_VI_1_2023.pdf,2023-02-01,5,False,,
75,10. Part VI--Section 4,Advertisements by private individuals and private institutions PRIVATE ADVERTISEMENTS - Change of Names - Notice,http://www.stationeryprinting.tn.gov.in/gazette2023/5_VI_4_2023.pdf,2023-02-01,5,False,,
74,9. Part VI--Section 3b,Notifications issued by Quasi-Government bodies and Public Sector undertakings. UNIVERSITY AUTHORITIES - MADURAI KAMARAJ UNIVERSITY - Election to the Authorities of the University,http://www.stationeryprinting.tn.gov.in/gazette2023/5_VI_3b_2023.pdf,2023-02-01,5,False,,
73,8. Part VI--Section 1A-Sup,"Notifications by Heads of Departments, etc., FORMATION OF IRRIGATION CANALS UNDER NANGANJIYAR RESERVOIR PROJECT, KARUR DISTRICT - Rehabilitation and Resettlement Administrator Notification",http://www.stationeryprinting.tn.gov.in/gazette2023/5_VI_1A_Sup_2023.pdf,2023-02-01,5,False,,
72,7. Part VI--Section 1-T-Sup,"Notifications of interest to the General Public issued by Heads of Departments, Etc. Tamil Nadu Co-operative Societies Registration Act, 1983",http://www.stationeryprinting.tn.gov.in/gazette2023/5_VI_1_T_Sup_2023.pdf,2023-02-01,5,False,,
70,5. Part III--Section 1a,"General Statutory Rules, Notifications, Orders, Regulations, etc., issued by Secretariat Departments PUBLIC DEPARTMENT - (Special-A) - Amendment to the Indian Administrative Service (Pay) Rules, 2016.",http://www.stationeryprinting.tn.gov.in/gazette2023/5_III_1a_2023.pdf,2023-02-01,5,False,,
69,4. Part II--Section 2-T-Sup,Notifications or Orders of interest to a section of the public issued by Secretariat Departments. HOUSING AND URBAN DEVELOPMENT DEPARTMENT - Notifications,http://www.stationeryprinting.tn.gov.in/gazette2023/5_II_2_T_Sup_2023.pdf,2023-02-01,5,False,,
68,3. Part II--Section 2,"Notifications or Orders of interest to a section of the public issued by Secretariat Departments. ANIMAL HUSBANDRY, DAIRYING, FISHERIES AND FISHERMEN WELFARE DEPARTMENT - Prevention of Cruelty to Animals Act., Place and Date for Conducting Jallikattu Erudhuvidum Vizha for certain Districts etc. BACKWARD CLASSES, MOST BACKWARD CLASSES AND MINORITIES WELFARE DEPARTMENT - Tamil Nadu State Minorities Commission Act., Appointment of Vice-Chairman to the Tamil Nadu State Minorities Commission HIGHER EDUCATION DEPARTMENT - Tamil Nadu Teachers Education University, Act., Nomination of Members to the Academic Council by the Government HOME DEPARTMENT - Award of the Tamil Nadu Chief Minister's Prison Medal for Good Service on the occasion of the Pongal Day, 2023. HOUSING AND URBAN DEVELOPMENT DEPARTMENT - Tamil Nadu Town and Country Planning Act., Inclusion of Additional areas in Maduranthagam Local Planning Area etc. LABOUR WELFARE AND SKILLED DEVELOPMENT DEPARTMENT - Labour Courts for Adjudication",http://www.stationeryprinting.tn.gov.in/gazette2023/5_II_2_2023.pdf,2023-02-01,5,False,,
66,1. Part I,"Notifications or Orders regarding first appointments, investiture of magisterial powers, etc., issued by Secretariat Departments. I. NOTICE REGARDING GAZETTE EXTRAORDINARY ISSUES PUBLISHED DURING THE WEEK II. NOTICE REGARDING PARTS AND SECTIONS OF THE GAZETTE NOT PUBLISHED DURING THE WEEK.",http://www.stationeryprinting.tn.gov.in/gazette2023/5_I_2023.pdf,2023-02-01,5,False,,
67,2. Part II--Section 1-T-Sup,Notifications or Orders of interest to a section of the public issued by Secretariat Departments. GOVERNMENT NOTIFICATIONS - Tamil Translations,http://www.stationeryprinting.tn.gov.in/gazette2023/5_II_1_T_Sup_2023.pdf,2023-02-01,5,False,,
79,4. Part III--Section 1a,"General Statutory Rules, Notifications, Orders, Regulations, etc., issued by Secretariat Departments. CO-OPERATION, FOOD AND CONSUMER PROTECTION DEPARTMENT--Amendment to the Tamil Nadu Consumer Protection (Salary, Allowances and conditions of service of President and Members of the State Commission and District Commission) Rules, 2021. HEALTH AND FAMILY WELFARE DEPARRTMENT--Notification under the Drugs and Cosmetic Rules PUBLICE DEPARTMENT (Special A)--The Indian Administrative Service (Fixation of Cadre Stength) Regulations",http://www.stationeryprinting.tn.gov.in/gazette2023/4_III_1a_2023.pdf,2023-01-25,4,False,,
82,8. Part VI--Section 4,Advertisements by private individuals and private institutions PRIVATE ADVERTISEMENTS - Change of Names - Notice,http://www.stationeryprinting.tn.gov.in/gazette2023/4_VI_4_2023.pdf,2023-01-25,4,False,,
81,6. Part VI--Section 1-A-Sup,"Notifications of interest to the General Public issued by Heads of Departments, Etc. TAMIL NADU HOMOEOPATHY MEDICAL COUNCIL, CHENNAI - 106 - Register of 2D Barcode Certificates issued to Registered Homoeopathy Medical Practitioners upto 31St December 2021",http://www.stationeryprinting.tn.gov.in/gazette2023/4_VI_1A_Sup_2023.pdf,2023-01-25,4,False,,
80,5. Part VI--Section 1,"Notifications of interest to the General Public issued by Heads of Departments, Etc. GENERAL NOTIFICATIONS - Final Closing and Cancellation of Registration for No. 05/KPM. The Irula Tribal Women Coir Producers Industrial Co-operative Society Ltd. … …. JUDICIAL NOTIFICATIONS - Adjournment of Civil and Sessions Cases in Tiruvarur District for Summer Holidays 2023 and holidays for all Subordinate Civil and Sessions Courts of Tiruvarur District for the Year 2023……",http://www.stationeryprinting.tn.gov.in/gazette2023/4_VI_1_2023.pdf,2023-01-25,4,False,,
78,3. Part II--Section 2,Notifications or Orders of interest to a section of the public issued by Secretariat Departments HOME DEPARTMENT - Delhi Special Police Establishment Act - Motor Vehicles Act HOUSING AND URBAN DEVELOPMENT DEPARTMENT - Tamil Nadu Town and Country Planning Act. LABOUR WELFARE AND SKILL DEVELOPMENT DEPARTMENT - Minimum Wages Act - Industrial Tribunal for Adjudication - Labour Courts for Adjudication,http://www.stationeryprinting.tn.gov.in/gazette2023/4_II_2_2023.pdf,2023-01-25,4,False,,
77,2. Part II--Section 1,Notifications or Orders of specific character or of particular interest to the public issued by Secretariat Departments. AGRICULTURE AND FARMERS WELFARE DEPARTMENT--Confirmation to Declare the Regulation of purchase and sale of the Agriculture Produce in Tamil Nadu under the Tamil Nadu Agricultural Produce Marketing (Regulation) Act. Cancellation of Notification,http://www.stationeryprinting.tn.gov.in/gazette2023/4_II_1_2023.pdf,2023-01-25,4,False,,
76,1. Part I,"Notifications or Orders regarding first appointments, investiture of magisterial powers, etc., issued by Secretariat Departments. I. NOTICE REGARDING GAZETTE EXTRAORDINARY ISSUES PUBLISHED DURING THE WEEK II. NOTICE REGARDING PARTS AND SECTIONS OF THE GAZETTE NOT PUBLISHED DURING THE WEEK",http://www.stationeryprinting.tn.gov.in/gazette2023/4_I_2023.pdf,2023-01-25,4,False,,
83,1. Part I,"Notifications or Orders regarding first appointments, investiture of magisterial powers, etc., issued by Secretariat Departments HOME DEPARTMENT - (Courts-I) - Appointment I. NOTICE REGARDING GAZETTE EXTRAORDINARY ISSUES PUBLISHED DURING THE WEEK II. NOTICE REGARDING PARTS AND SECTIONS OF THE GAZETTE NOT PUBLISHED DURING THE WEEK. PUBLIC DEPARTMENT - (Special-A) - Appointment",http://www.stationeryprinting.tn.gov.in/gazette2023/3_I_2023.pdf,2023-01-18,3,False,,
84,2. Part II--Section 2,"Notifications or Orders of interest to a section of the public issued by Secretariat Departments. CO-OPERATION, FOOD AND CONSUMER PROTECTION DEPARTMENT - Consumer Protection Act, 2019 - Notification ENVIRONMENT, CLIMATE CHANGE AND FOREST DEPARTMENT - Water (Prevention and Control of Pollution) Act FINANCE DEPARTMENT - Tamil Nadu Transparency in Tenders Act - Notification HEALTH AND FAMILY WELFARE DEPARTMENT - Tamil Nadu Anatomy Act HOME DEPARTMENT - Tamil Nadu Civil Courts Act - Constitution of a Subordinate Judge's Court at Kodumudi in Erode District LABOUR WELFARE AND SKILL DEVELOPMENT DEPARTMENT - Minimum wages Act - Labour Courts for Adjudication SCHOOL EDUCATION DEPARTMENT - Deputy Director, General Library Promotion for 2022-2023 WELFARE OF DIFFERENTLY ABLED PERSONS DEPARTMENT - Welfare of Differently Abled Persons Department",http://www.stationeryprinting.tn.gov.in/gazette2023/3_II_2_2023.pdf,2023-01-18,3,False,,
85,3. Part II--Section 2-T-Sup,Notifications or Orders of interest to a section of the public issued by Secretariat Departments. LABOUR WELFARE AND SKILL DEVELOPMENT DEPARTMENT - Notification,http://www.stationeryprinting.tn.gov.in/gazette2023/3_II-2_T_Sup_2023.pdf,2023-01-18,3,False,,
86,4. Part III--Section 1b,"Service Rules including Ad hoc Rules, Regulations, etc., issued by Secretariat Departments RURAL DEVELOPMENT AND PANCHAYAT RAJ DEPARTMENT - Amendments to the Special Rules for the Tamil Nadu Panchayat Development Engineering Subordinate Service",http://www.stationeryprinting.tn.gov.in/gazette2023/3_III_1b_2023.pdf,2023-01-18,3,False,,
87,5. Part VI--Section 1,"Notifications of interest to the General Public issued by Heads of Departments, Etc GENERAL NOTIFICATIONS - Notice of Attachment - Form 5 - Notice of Sale of Land-Form No. 7, Form 7A JUDICIAL NOTIFICATIONS - Adjournments of Civil and Sessions Courts in Tirunelveli District (Including Tenkasi Revenue District) for Vacation and Holidays During the year 2023",http://www.stationeryprinting.tn.gov.in/gazette2023/3_VI_1_2023.pdf,2023-01-18,3,False,,
88,6. Part VI--Section 1-A-Sup,"Notifications of interest to the General Public issued by Heads of Departments, Etc CAUVERY VAIGAI GUNDAR LINK CANAL SCHEME - PUDUKKOTTAI DISTRICT - Errata notice to the notifi cation Published under section 11(1) of Right to Fair Compensation, and Transparency in Land Acquisition, Rehabilation and Resettlement Act, 2013",http://www.stationeryprinting.tn.gov.in/gazette2023/3_VI_1A_Sup_2023.pdf,2023-01-18,3,False,,
89,7. Part VI--Section 3a,"Notifications issued by cost recoverable institutions of State and Central Governments GENERAL NOTIFICATONS - TAMIL NADU WAQF BOARD, CHENNAI - Framing of Bye Law in respect of Aruppukottai, Veerasholam Islamia Uravinmurai Trust, Virudhunagar District-……",http://www.stationeryprinting.tn.gov.in/gazette2023/3_VI_3a_2023.pdf,2023-01-18,3,False,,
90,8. Part VI--Section 4,Advertisements by private individuals and private institutions PRIVATE ADVERTISEMENTS - Change of Names - Notice,http://www.stationeryprinting.tn.gov.in/gazette2023/3_VI_4_2023.pdf,2023-01-18,3,False,,
98,8. Part VI--Section 4,Advertisements by private individuals and private institutions CHANGE OF NAMES AND PUBLIC NOTICES,http://www.stationeryprinting.tn.gov.in/gazette2023/2_VI_4_2023.pdf,2023-01-11,2,False,,
97,7. Part VI--Section 2,"Notifications of interest to a section of the public issued by Heads of Departments, etc GOVERNMENT EXAMINATIONS / EDUCATIONAL OFFICERS - Loss of Certificates",http://www.stationeryprinting.tn.gov.in/gazette2023/2_VI_2_2023.pdf,2023-01-11,2,False,,
96,6. Part VI--Section 1T-Sup,"Notifications by Heads of Departments, Etc. Tamil Nadu Co-operative Societies Registration Act, 1983 - dissolving Co-operative Societies and appointment of Officer for dissolving.",http://www.stationeryprinting.tn.gov.in/gazette2023/2_VI_1_T_Sup_2023.pdf,2023-01-11,2,False,,
95,5. Part VI--Section 1,"Notifications of interest to the General Public issued by Heads of Departments, Etc. GENERAL NOTIFICATIONS - The Commissioner, Hindu Religious and Charitable Endowments Department-Delegation of Powers JUDICIAL NOTIFICATIONS - Adjournments for Vacation and Holidays to the District Court and all the Subordinate Civil Court in Karur District for the year 2023",http://www.stationeryprinting.tn.gov.in/gazette2023/2_VI_1_2023.pdf,2023-01-11,2,False,,
94,4. Part III--Section 1b,"Service Rules including Ad hoc Rules, Regulations, etc., issued by Secretariat Departments TOURISM, CULTURE AND RELIGIOUS ENDOWMENTS DEPARTMENT - Amendment to the Adhoc Rules relating to the Post of Assistant Director in the Department of Tourism in Tamil Nadu General Service",http://www.stationeryprinting.tn.gov.in/gazette2023/2_III_1b_2023.pdf,2023-01-11,2,False,,
93,3. Part III--Section 1a,"General Statutory Rules, Notifications, Orders, Regulations, etc., issued by Secretariat Departments HOME DEPARTMENT - Amendment to the Tamil Nadu Police Subordinate Services (Discipline & Appeal) Rules",http://www.stationeryprinting.tn.gov.in/gazette2023/2_III_1a_2023.pdf,2023-01-11,2,False,,
92,2. Part II--Section 2,"Notifications or Orders of interest to a section of the public issued by Secretariat Departments HOME DEPARTMENT - Tamil Nadu Protection of Interests of Depositors (in Financial Establishments) Act - Narcotic Drugs and Psychotropic Substances Act - Family Courts Act HOUSING AND URBAN DEVELOPMENT DEPARTMENT - Tamil Nadu Town and Country Planning Act LABOUR WELFARE AND SKILL DEVELOPMENT DEPARTMENT - Minimum Wages Act - Labour Courts for Adjucication REVENUE AND DISASTER MANAGEMENT DEPARTMENT - Conferment of powers for certain offi cials for disposing the Held-over cases in Natham Settlement Scheme/Town Settlement Schemes TAMIL DEVELOPMENT AND INFORMATION DEPARTMENT - Tamil University Act - Nomination of one Academic Expert to the Syndicate of Tamil University, Thanjavur",http://www.stationeryprinting.tn.gov.in/gazette2023/2_II_2_2023.pdf,2023-01-11,2,False,,
91,1. Part I,"Notifications or Orders regarding first appointments, investiture of magisterial powers, etc., issued by Secretariat Departments I. NOTICE REGARDING GAZETTE EXTRAORDINARY ISSUES PUBLISHED DURING THE WEEK II. NOTICE REGARDING PARTS AND SECTIONS OF THE GAZETTE NOT PUBLISHED DURING THE WEEK PUBLIC DEPARTMENT - (Special-A) - Appointment",http://www.stationeryprinting.tn.gov.in/gazette2023/2_I_2023.pdf,2023-01-11,2,False,,
99,1. Part I,Notifications or Orders of specifi c character or of particular interest to the public issued by Secretariat Departments I. NOTICE REGARDING GAZETTE EXTRAORDINARY ISSUES PUBLISHED DURING THE WEEK. II. NOTICE REGARDING PARTS AND SECTIONS OF THE GAZETTE NOT PUBLISHED DURING THE WEEK PUBLIC DEPARTMENT - (Special-A) - Deputation,http://www.stationeryprinting.tn.gov.in/gazette2023/1_I.pdf,2023-01-04,1,False,,
100,2. Part II--Section 1,Notifications or Orders of specifi c character or of particular interest to the public issued by Secretariat Departments AGRICULTURE AND FARMERS WELFARE DEPARTMENT - Fixation of Fair and Remunerative Price (FRP) payable by Dharmapuri District Co-operative Sugar Mills Limited for 2021-2022 sugar season,http://www.stationeryprinting.tn.gov.in/gazette2023/1_II_1.pdf,2023-01-04,1,False,,
101,3. Part II--Section 2,"Notifications or Orders of interest to a section of the public issued by Secretariat Departments ENVIRONMENT, CLIMATE CHANGE AND FOREST DEPARTMENT - Tamil Nadu Forest Act FINANCE DEPARTMENT - Tamil Nadu Transparency in Tenders Act - Notification HEALTH AND FAMILY WELFARE DEPARTMENT - Drugs and Cosmetics Act HIGHER EDUCATION DEPARTMENT - Tamil Nadu Teachers Education University Act. HOUSING AND URBAN DEVELOPMENT DEPARTMENT - Tamil Nadu Town and Country Planning Act HUMAN RESOURCES MANAGEMENT DEPARTMENT - Right to Information Act LABOUR WELFARE AND SKILL DEVELOPMENT DEPARTMENT - Minimum wages Act - Labour Courts for Adjudication - Errata to Notification",http://www.stationeryprinting.tn.gov.in/gazette2023/1_II_2.pdf,2023-01-04,1,False,,
102,4. Part II--Section 2-T-Sup,Notifications or Orders of interest to a section of the public issued by Secretariat Departments HOUSING AND URBAN DEVELOPMENT DEPARTMENT - Notification,http://www.stationeryprinting.tn.gov.in/gazette2023/1_II-2_T_Sup_2023.pdf,2023-01-04,1,False,,
103,5. Part IV--Section 2,Tamil Nadu Acts and Ordinances Act No. 43 of 2022,http://www.stationeryprinting.tn.gov.in/gazette2023/1_IV_2_T_Sup.pdf,2023-01-04,1,False,,
104,6. Part VI--Section 1,"Notifications of interest to the General Public issued by Heads of Departments, Etc GENERAL NOTIFICATIONS - Variation to the Approved Coimbatore Master Plan for the Local Planning Area JUDICIAL NOTIFICATIONS - Tamil Nadu Lokayukta, Chennai-Vacation for the year 2023 - Conferment of Magisterial Powers",http://www.stationeryprinting.tn.gov.in/gazette2023/1_VI_1.pdf,2023-01-04,1,False,,
105,7. Part VI--Section 1-T-Sup,"Notifications of interest to the General Public issued by Heads of Departments, Etc Tamil Nadu Co-operative Societies Registration Act, 1983",http://www.stationeryprinting.tn.gov.in/gazette2023/1_VI_1_T_Sup_2023.pdf,2023-01-04,1,False,,
106,8. Part VI--Section 1-A-Sup,"Notifications of interest to the General Public issued by Heads of Departments, Etc JUDICIAL NOTIFICATION - Unclaimed Deposits in the City Civil Court, Chennai - 104",http://www.stationeryprinting.tn.gov.in/gazette2023/1_VI_1A_Sup_2023.pdf,2023-01-04,1,False,,
107,9. Part VI--Section 3a,"Notifications issued by cost recoverable institutions of State and Central Governments GENERAL NOTIFICATONS - TAMIL NADU WAQF BOARD, CHENNAI - Amendment to Column 7A of the Register of Waqfs Pertaining to Mazjithe Madena Jumuha Mazjith Ahlus Sunnath Val Jamath, Tiruppur District.",http://www.stationeryprinting.tn.gov.in/gazette2023/1_VI_3a.pdf,2023-01-04,1,False,,
108,10. Part VI--Section 3b,"Notifications issued by Quasi-Government bodies and Public Sector undertakings UNIVERSITY AUTHORITIES - THE TAMIL NADU Dr. M.G.R. MEDICAL UNIVERSITY, CHENNAI – 600 032 - Result of Election of one Professor to the Senate by the teachers of each affi liated Medical Colleges from among themselves",http://www.stationeryprinting.tn.gov.in/gazette2023/1_VI_3b.pdf,2023-01-04,1,False,,
109,11. Part VI--Section 4,Advertisements by private individuals and private institutions PRIVATE ADVERTISEMENTS--Change of Names and Public Notices,http://www.stationeryprinting.tn.gov.in/gazette2023/1_VI_4.pdf,2023-01-04,1,False,,
